"gender","age","edu","t_org","sd","X","M","W","Y","MW","XW","XM"
1,13.5597345132743,1.17477876106195,-0.376106194690265,3.3,-0.642146017699115,0.170907079646017,-1.85398230088496,1.83333333333333,-0.316858700759652,1.19052735139792,-0.109747300591276
0,-0.440265486725664,-0.825221238938053,-1.37610619469027,3.7,-0.267146017699115,0.920907079646017,0.43173198482933,1,0.397585041338957,-0.11533548046049,-0.246016658998355
1,-11.4402654867257,1.17477876106195,-0.376106194690265,3.3,-1.01714601769911,0.670907079646017,1.28887484197219,1,0.864715256256782,-1.31097391282459,-0.68241046430809
0,28.5597345132743,1.17477876106195,2.62389380530973,5,-0.767146017699115,-1.32909292035398,0.288874841972187,1,-0.383941507333609,-0.221609184632424,1.01960834100164
1,-10.4402654867257,1.17477876106195,-1.37610619469027,3.8,2.10785398230089,0.670907079646017,1.0031605562579,4.5,0.673027519215063,2.11451597339539,1.41417415958571
1,-11.4402654867257,1.17477876106195,0.623893805309735,2.4,1.23285398230089,0.420907079646017,0.288874841972187,1.66666666666667,0.121589466117718,0.35614049931195,0.518916969320228
1,1.55973451327434,-0.825221238938053,0.623893805309735,3.6,0.357853982300885,-1.82909292035398,1.14601769911504,1,-2.09617286005169,0.410106997415616,-0.654548185547028
0,-16.4402654867257,1.17477876106195,-0.376106194690265,3.1,0.982853982300885,0.420907079646017,-0.282553729456385,3.83333333333333,-0.118928865108578,-0.277709058210175,0.413690199408724
0,-6.44026548672566,2.17477876106195,2.62389380530973,3.6,1.23285398230089,0.670907079646017,0.288874841972187,2.66666666666667,0.193808176610765,0.35614049931195,0.82713046489545
1,-21.4402654867257,1.17477876106195,-1.37610619469027,1.7,-0.267146017699115,-1.32909292035398,0.00316055625790135,1.5,-0.00420067294675716,-0.000844330018012362,0.355061880824653
0,-10.4402654867257,1.17477876106195,-0.376106194690265,3.6,1.10785398230089,0.920907079646017,0.717446270543616,1.66666666666667,0.660701349809248,0.794825707908663,1.02023057551492
1,4.55973451327434,-1.82522123893805,2.62389380530973,4,1.73285398230089,0.920907079646017,-2.42541087231353,4.33333333333333,-2.23357804336395,-4.20288288880436,1.59579750029368
1,3.55973451327434,-0.825221238938053,2.62389380530973,3,1.23285398230089,0.670907079646017,0.288874841972187,1,0.193808176610765,0.35614049931195,0.82713046489545
1,9.55973451327434,-0.825221238938053,2.62389380530973,3.5,0.482853982300885,0.170907079646017,-1.28255372945638,2.33333333333333,-0.219197512390499,-0.619286175782867,0.0825231640104941
0,3.55973451327434,1.17477876106195,-0.376106194690265,3.4,-1.14214601769911,-0.329092920353983,0.288874841972187,3.16666666666667,-0.0950666653614222,-0.329937250371994,0.375872168435273
0,3.55973451327434,-0.825221238938053,2.62389380530973,3.3,-0.517146017699115,-0.329092920353983,0.00316055625790135,1.83333333333333,-0.00104011668885581,-0.0016344690824877,0.170189093214034
1,2.55973451327434,-1.82522123893805,-1.37610619469027,3.9,-0.0171460176991149,-1.32909292035398,0.717446270543616,1,-0.953552758913888,-0.0123013464529048,0.0227886507361578
0,-0.440265486725664,-0.825221238938053,0.623893805309735,4.1,-0.767146017699115,-0.579092920353983,-1.28255372945638,1.5,0.742717784701789,0.983905986037614,0.444248827727308
0,-6.44026548672566,1.17477876106195,-1.37610619469027,3.2,-0.267146017699115,0.670907079646017,0.288874841972187,2,0.193808176610765,-0.0771717636463309,-0.179230154573576
0,8.55973451327434,2.17477876106195,-1.37610619469027,3.2,-0.0171460176991149,0.420907079646017,1.0031605562579,1.66666666666667,0.422237380150588,-0.017200208652652,-0.0072168802372934
0,-2.44026548672566,0.174778761061947,2.62389380530973,4.7,-0.0171460176991149,-1.32909292035398,0.288874841972187,1.33333333333333,-0.383941507333609,-0.00495305315328415,0.0227886507361578
1,8.55973451327434,0.174778761061947,0.623893805309735,2.8,-0.267146017699115,-0.829092920353983,-0.425410872313527,2.33333333333333,0.352705142476758,0.113646820424466,0.221488871975096
0,16.5597345132743,2.17477876106195,2.62389380530973,3.5,-0.642146017699115,-1.32909292035398,-0.282553729456385,2.16666666666667,0.375540161440095,0.181440752156451,0.853471725957397
1,-18.4402654867257,-0.825221238938053,-1.37610619469027,3.2,1.23285398230089,0.420907079646017,0.43173198482933,3,0.181719048924292,0.532262496783505,0.518916969320228
0,5.55973451327434,-0.825221238938053,-1.37610619469027,3.3,-0.517146017699115,-0.829092920353983,0.288874841972187,1.5,-0.239504086347516,-0.149390474139378,0.428762102063592
0,11.5597345132743,-0.825221238938053,2.62389380530973,4.4,-1.01714601769911,-0.829092920353983,0.574589127686473,1,-0.476387777877225,-0.584441043039504,0.843308562240583
1,4.55973451327434,-0.825221238938053,-1.37610619469027,3.2,-0.267146017699115,0.670907079646017,0.288874841972187,1.83333333333333,0.193808176610765,-0.0771717636463309,-0.179230154573576
1,-8.44026548672566,-0.825221238938053,1.62389380530973,3.5,0.357853982300885,0.420907079646017,0.00316055625790135,1.5,0.0013303005045702,0.00113101764317598,0.150623274629963
0,8.55973451327434,1.17477876106195,-1.37610619469027,3.1,1.48285398230089,-0.329092920353983,0.43173198482933,2.16666666666667,-0.142079939697706,0.640195492990838,-0.487996747493931
0,7.55973451327434,-0.825221238938053,2.62389380530973,3.3,0.357853982300885,0.670907079646017,-0.425410872313527,1.33333333333333,-0.285411165993534,-0.152234974771489,0.240086770205184
0,2.55973451327434,1.17477876106195,-1.37610619469027,2.4,0.857853982300885,0.170907079646017,-0.56826801517067,2.66666666666667,-0.097121026929058,-0.487490979828379,0.146613318877751
0,-10.4402654867257,1.17477876106195,-0.376106194690265,2.9,0.857853982300885,1.17090707964602,-0.425410872313527,4.33333333333333,-0.498116602150297,-0.364940410928253,1.00446730117864
0,-1.44026548672566,1.17477876106195,0.623893805309735,3.9,0.232853982300885,0.170907079646017,0.146017699115044,1.66666666666667,0.0249554585323831,0.0340008027253504,0.0397963940989897
1,-13.4402654867257,1.17477876106195,-2.37610619469027,3.7,-0.892146017699115,-1.82909292035398,0.717446270543616,1,-1.3122758941857,-0.640066833178569,1.63181796489545
1,-24.4402654867257,-1.82522123893805,-1.37610619469027,2.4,-1.39214601769911,-2.32909292035398,1.14601769911504,3,-2.66918170960921,-1.59542397603571,3.242437433922
1,10.5597345132743,-0.825221238938053,-0.376106194690265,3.5,0.232853982300885,-1.07909292035398,-2.56826801517067,1.83333333333333,2.77139983274224,-0.59803143494848,-0.251271083777117
1,-21.4402654867257,1.17477876106195,-1.37610619469027,3.5,0.857853982300885,0.420907079646017,-0.56826801517067,3.66666666666667,-0.239188030721726,-0.487490979828379,0.361076814452972
0,-0.440265486725664,1.17477876106195,-1.37610619469027,3.2,-0.767146017699115,1.17090707964602,0.288874841972187,3.83333333333333,0.338245597596858,-0.221609184632424,-0.898256703246143
1,-18.4402654867257,1.17477876106195,-0.376106194690265,3,0.607853982300885,0.670907079646017,1.0031605562579,1.16666666666667,0.673027519215063,0.609775139008536,0.407813540116689
1,-11.4402654867257,1.17477876106195,0.623893805309735,3.6,0.732853982300885,-0.329092920353983,0.146017699115044,2.33333333333333,-0.048053391025139,0.107009652282873,-0.241177057228444
0,-2.44026548672566,0.174778761061947,-2.37610619469027,3.1,0.982853982300885,-0.829092920353983,-0.56826801517067,2.83333333333333,0.471146988241612,-0.558524481724713,-0.814877278467382
1,1.55973451327434,-0.825221238938053,-1.37610619469027,4,0.232853982300885,-0.329092920353983,0.860303413400758,1,-0.283119762706555,0.200325075797411,-0.0766305970514528
1,-2.44026548672566,0.174778761061947,2.62389380530973,2.6,-0.642146017699115,0.420907079646017,0.43173198482933,2.66666666666667,0.181719048924292,-0.277234974771489,-0.270283805016054
0,-10.4402654867257,2.17477876106195,-1.37610619469027,3.7,0.357853982300885,0.170907079646017,0.146017699115044,2.5,0.0249554585323831,0.052253015114731,0.0611597790547419
1,16.5597345132743,-1.82522123893805,0.623893805309735,3.7,1.23285398230089,-0.0790929203539825,-0.425410872313527,1,0.0336469882416121,-0.524469488045826,-0.0975100218302141
1,-9.44026548672566,-0.825221238938053,-0.376106194690265,3.3,-0.142146017699115,0.670907079646017,0.574589127686473,2.66666666666667,0.385495913652484,-0.0816755563138403,-0.0953667696178243
0,14.5597345132743,2.17477876106195,1.62389380530973,3.3,-0.642146017699115,-0.579092920353983,0.00316055625790135,2,-0.00183025575333115,-0.00202953861472537,0.371862212683061
1,-14.4402654867257,1.17477876106195,-1.37610619469027,3.6,-0.392146017699115,0.170907079646017,1.0031605562579,1.66666666666667,0.171447241086112,-0.393385417249365,-0.0670205306797712
1,1.55973451327434,-1.82522123893805,-1.37610619469027,3.4,-0.767146017699115,-1.32909292035398,0.574589127686473,1.83333333333333,-0.763682341720461,-0.440793761117886,1.01960834100164
1,-15.4402654867257,0.174778761061947,-1.37610619469027,3.1,0.357853982300885,-0.329092920353983,0.00316055625790135,3.66666666666667,-0.00104011668885581,0.00113101764317598,-0.117767212095701
1,-9.44026548672566,1.17477876106195,-0.376106194690265,2.3,0.982853982300885,1.67090707964602,0.146017699115044,2.83333333333333,0.243982007204949,0.143514077061634,1.64225767728483
1,17.5597345132743,1.17477876106195,0.623893805309735,4.4,-1.14214601769911,1.17090707964602,0.574589127686473,1.16666666666667,0.67279047749572,-0.656264684000313,-1.3373468581134
1,-19.4402654867257,1.17477876106195,-1.37610619469027,3.5,0.232853982300885,0.420907079646017,-1.71112515802781,1.83333333333333,-0.720224693174317,-0.398442307262008,0.098009889674211
1,-16.4402654867257,0.174778761061947,-0.376106194690265,3.1,0.232853982300885,-0.0790929203539825,-0.139696586599241,2.83333333333333,0.011049010997617,-0.0325289065034738,-0.0184171014762316
1,-7.44026548672566,1.17477876106195,1.62389380530973,2.6,-0.517146017699115,-0.0790929203539825,0.288874841972187,2.66666666666667,-0.0228479548683755,-0.149390474139378,0.0409025887892553
1,11.5597345132743,2.17477876106195,2.62389380530973,2.5,-0.642146017699115,-0.0790929203539825,0.146017699115044,2.16666666666667,-0.011548966246378,-0.0937646840003132,0.0507892038335031
0,10.5597345132743,1.17477876106195,-0.376106194690265,3,-0.642146017699115,0.170907079646017,-0.425410872313527,3,-0.0727057298367698,0.273175897542038,-0.109747300591276
1,-6.44026548672566,1.17477876106195,-1.37610619469027,3.7,-0.142146017699115,-0.0790929203539825,-1.28255372945638,2,0.101440919973597,0.182309905127373,0.0112427436565119
1,-2.44026548672566,-0.825221238938053,0.623893805309735,3.5,1.10785398230089,-0.829092920353983,0.00316055625790135,3,-0.00262039481780648,0.00350143483660199,-0.91851389351163
1,7.55973451327434,-0.825221238938053,2.62389380530973,3.9,0.732853982300885,0.670907079646017,1.28887484197219,1,0.864715256256782,0.944557060626741,0.491676925072441
0,-7.44026548672566,-0.825221238938053,-0.376106194690265,3.5,0.607853982300885,1.67090707964602,0.288874841972187,1.66666666666667,0.482683018582952,0.175593723079333,1.01566752241757
0,-1.44026548672566,-0.825221238938053,-2.37610619469027,3.4,-0.642146017699115,-0.0790929203539825,0.860303413400758,1.5,-0.0680439093563655,-0.552440410928252,0.0507892038335031
0,8.55973451327434,1.17477876106195,-1.37610619469027,4.3,-0.142146017699115,-1.32909292035398,0.146017699115044,3.33333333333333,-0.194071090140183,-0.0207558344427911,0.188925265780406
0,8.55973451327434,-1.82522123893805,-0.376106194690265,3.8,1.60785398230089,-0.829092920353983,-0.425410872313527,1,0.352705142476758,-0.683998565163399,-1.33306035368862
1,12.5597345132743,0.174778761061947,-0.376106194690265,3.6,0.482853982300885,-1.07909292035398,0.00316055625790135,3.33333333333333,-0.00341053388228182,0.00152608717541365,-0.521044313865612
1,2.55973451327434,1.17477876106195,2.62389380530973,4.7,0.732853982300885,-2.32909292035398,1.28887484197219,1,-3.00190926965978,0.944557060626741,-1.70688502183021
1,9.55973451327434,1.17477876106195,-2.37610619469027,2.7,-0.892146017699115,0.170907079646017,-0.282553729456385,1.5,-0.0482904327444816,0.252079184520547,-0.15247407050278
1,-10.4402654867257,1.17477876106195,-1.37610619469027,3.2,0.732853982300885,0.920907079646017,0.574589127686473,2,0.529143195574102,0.421089930411823,0.674890420647662
0,7.55973451327434,1.17477876106195,1.62389380530973,3,-0.267146017699115,0.670907079646017,0.288874841972187,2.5,0.193808176610765,-0.0771717636463309,-0.179230154573576
0,-12.4402654867257,4.17477876106195,-2.37610619469027,4.2,-1.76714601769911,-0.329092920353983,-2.56826801517067,4.66666666666667,0.845198821364242,4.53850459539286,0.581555243656512
1,6.55973451327434,-0.825221238938053,-2.37610619469027,3.8,-0.767146017699115,-1.32909292035398,1.0031605562579,2.16666666666667,-1.33329359330074,-0.769570625846078,1.01960834100164
1,0.559734513274336,4.17477876106195,1.62389380530973,2.8,-0.892146017699115,-2.07909292035398,-0.282553729456385,1.16666666666667,0.587455458532384,0.252079184520547,1.85485446932023
0,-11.4402654867257,-0.825221238938053,-0.376106194690265,4.1,1.98285398230089,0.170907079646017,-0.425410872313527,2.16666666666667,-0.0727057298367698,-0.843527642280971,0.33888378347952
1,-14.4402654867257,1.17477876106195,-1.37610619469027,3.2,0.357853982300885,0.670907079646017,-0.711125158027813,2,-0.477098903035253,-0.254478969714599,0.240086770205184
0,6.55973451327434,2.17477876106195,-0.376106194690265,2.8,0.232853982300885,1.17090707964602,0.288874841972187,2.83333333333333,0.338245597596858,0.0672656573397626,0.272650376399875
0,-7.44026548672566,0.174778761061947,-0.376106194690265,4,-0.517146017699115,-0.0790929203539825,1.14601769911504,1,-0.0906418866003605,-0.592658489310047,0.0409025887892553
0,1.55973451327434,-0.825221238938053,1.62389380530973,3.5,-0.517146017699115,0.670907079646017,0.146017699115044,1.66666666666667,0.0979643080899051,-0.0755124716109327,-0.346956924485081
1,-0.440265486725664,-1.82522123893805,2.62389380530973,2.5,0.357853982300885,1.67090707964602,1.28887484197219,1.83333333333333,2.15359009822897,0.461228994887171,0.597940752506069
1,-21.4402654867257,0.174778761061947,-2.37610619469027,3.7,0.107853982300885,0.420907079646017,0.43173198482933,1.83333333333333,0.181719048924292,0.0465640138505086,0.0453965047184588
1,-23.4402654867257,-1.82522123893805,-2.37610619469027,3,-1.01714601769911,-1.07909292035398,1.0031605562579,1,-1.08250345423626,-1.02036076491055,1.09759506666536
1,7.55973451327434,-1.82522123893805,-1.37610619469027,4.3,-0.0171460176991149,1.42090707964602,-1.42541087231353,1.33333333333333,-2.0253763998747,0.0244401200451986,-0.0243628979364083
0,-2.44026548672566,0.174778761061947,-1.37610619469027,4.2,-0.267146017699115,0.420907079646017,-0.56826801517067,1.83333333333333,-0.239188030721726,0.151810537238625,-0.112443650148798
0,-6.44026548672566,1.17477876106195,-1.37610619469027,4.3,-1.14214601769911,0.420907079646017,0.717446270543616,1,0.30197821453744,-0.819428400814473,-0.480737344839063
0,3.55973451327434,-1.82522123893805,-0.376106194690265,3.4,0.232853982300885,0.920907079646017,-2.56826801517067,1,-2.3651361975991,-0.59803143494848,0.214436880824654
1,19.5597345132743,1.17477876106195,-0.376106194690265,3.2,0.982853982300885,0.420907079646017,0.00316055625790135,2,0.0013303005045702,0.00310636530436432,0.413690199408724
1,-6.44026548672566,0.174778761061947,-0.376106194690265,3.6,0.232853982300885,0.420907079646017,0.288874841972187,1,0.121589466117718,0.0672656573397626,0.098009889674211
1,16.5597345132743,-0.825221238938053,-0.376106194690265,3.8,0.482853982300885,-0.579092920353983,0.00316055625790135,2.83333333333333,-0.00183025575333115,0.00152608717541365,-0.27961732271517
1,-6.44026548672566,-1.82522123893805,-2.37610619469027,3.8,-1.64214601769911,-0.829092920353983,0.288874841972187,1.83333333333333,-0.239504086347516,-0.474374671358088,1.36149163746182
1,13.5597345132743,-0.825221238938053,2.62389380530973,2.4,-0.517146017699115,-1.07909292035398,-0.711125158027813,3,0.76737012351342,0.367755543559737,0.55804860648837
1,-10.4402654867257,1.17477876106195,-0.376106194690265,3.3,-0.767146017699115,0.920907079646017,0.717446270543616,1,0.660701349809248,-0.550386049360617,-0.706470198821364
0,17.5597345132743,-0.825221238938053,1.62389380530973,3.5,-0.142146017699115,-0.329092920353983,0.574589127686473,1,-0.189093214033989,-0.0816755563138403,0.0467792480812906
1,-8.44026548672566,1.17477876106195,-1.37610619469027,2.7,-0.892146017699115,0.420907079646017,0.43173198482933,1.16666666666667,0.181719048924292,-0.385167970978822,-0.375510574927559
0,9.55973451327434,0.174778761061947,0.623893805309735,2.6,-0.767146017699115,0.420907079646017,-0.282553729456385,2.5,-0.118928865108578,0.216759968338499,-0.322897189971806
0,-4.44026548672566,-1.82522123893805,-1.37610619469027,3.1,0.982853982300885,0.170907079646017,-0.282553729456385,3,-0.0482904327444816,-0.277709058210175,0.167976703833503
1,-15.4402654867257,-0.825221238938053,0.623893805309735,2.7,-0.142146017699115,0.670907079646017,-0.425410872313527,2.66666666666667,-0.285411165993534,0.0604704613852746,-0.0953667696178243
1,-0.440265486725664,1.17477876106195,2.62389380530973,3.9,-0.517146017699115,-1.82909292035398,0.288874841972187,1,-0.528378928319703,-0.149390474139378,0.945908119762707
1,20.5597345132743,-0.825221238938053,-1.37610619469027,4.5,-1.64214601769911,-0.0790929203539825,0.43173198482933,1,-0.034146943490373,-0.708966959600819,0.129882124187486
0,-3.44026548672566,-0.825221238938053,-0.376106194690265,3.1,-1.39214601769911,-0.329092920353983,-1.28255372945638,2.66666666666667,0.422079352337693,1.78550206694785,0.458145398523769
0,-0.440265486725664,0.174778761061947,-1.37610619469027,3.9,-1.01714601769911,-0.829092920353983,0.574589127686473,2,-0.476387777877225,-0.584441043039504,0.843308562240583
1,2.55973451327434,-0.825221238938053,-1.37610619469027,4.6,-1.39214601769911,1.67090707964602,0.00316055625790135,1,0.00528099582694689,-0.00439995580815138,-2.32614663687446
1,2.55973451327434,-0.825221238938053,0.623893805309735,3.2,0.482853982300885,0.420907079646017,0.288874841972187,1.66666666666667,0.121589466117718,0.139484367832809,0.203236659585715
1,-19.4402654867257,-1.82522123893805,-2.37610619469027,3,0.107853982300885,0.170907079646017,0.146017699115044,2.83333333333333,0.0249554585323831,0.0157485903359699,0.0184330091432375
1,-3.44026548672566,1.17477876106195,1.62389380530973,3.6,1.23285398230089,0.670907079646017,0.288874841972187,2.5,0.193808176610765,0.35614049931195,0.82713046489545
1,-14.4402654867257,-0.825221238938053,1.62389380530973,3.5,0.357853982300885,-0.329092920353983,-2.28255372945638,1.5,0.751172272691676,-0.816820941901704,-0.117767212095701
1,-6.44026548672566,1.17477876106195,-1.37610619469027,3.7,0.732853982300885,1.67090707964602,-0.139696586599241,1.83333333333333,-0.233420015551056,-0.102377199803095,1.22453090737333
1,-18.4402654867257,-1.82522123893805,-1.37610619469027,3,0.232853982300885,-0.329092920353983,-0.711125158027813,3,0.23402625499256,-0.165588324961122,-0.0766305970514528
1,14.5597345132743,1.17477876106195,-0.376106194690265,3.7,-0.142146017699115,0.420907079646017,0.288874841972187,2.66666666666667,0.121589466117718,-0.0410624083998075,-0.0598302651930456
1,-20.4402654867257,0.174778761061947,-1.37610619469027,3.8,0.232853982300885,-0.579092920353983,-0.853982300884956,3,0.494535104550082,-0.198853179575535,-0.134844092626674
1,-2.44026548672566,-2.82522123893805,-0.376106194690265,2.7,-0.0171460176991149,0.170907079646017,0.574589127686473,3,0.0982013498092477,-0.00985191535303128,-0.00293037581251466
0,0.559734513274336,1.17477876106195,-1.37610619469027,3.2,0.482853982300885,-0.329092920353983,0.00316055625790135,1.5,-0.00104011668885581,0.00152608717541365,-0.158903827139948
1,-12.4402654867257,1.17477876106195,-2.37610619469027,3.6,1.98285398230089,-0.329092920353983,1.0031605562579,1,-0.330133037042838,1.98912090386315,-0.652543207670922
1,3.55973451327434,-0.825221238938053,-0.376106194690265,3.7,-0.767146017699115,-1.32909292035398,0.717446270543616,1.33333333333333,-0.953552758913888,-0.550386049360617,1.01960834100164
1,9.55973451327434,-1.82522123893805,2.62389380530973,2.7,0.232853982300885,-0.0790929203539825,0.146017699115044,2.83333333333333,-0.011548966246378,0.0340008027253504,-0.0184171014762316
0,1.55973451327434,-1.82522123893805,-0.376106194690265,4.2,-0.892146017699115,-2.32909292035398,0.717446270543616,2.16666666666667,-1.6709990294575,-0.640066833178569,2.07789097374501
1,-18.4402654867257,1.17477876106195,-1.37610619469027,3.3,-0.767146017699115,-0.579092920353983,1.28887484197219,1.66666666666667,-0.746378296208451,-0.988755202331539,0.444248827727308
1,0.559734513274336,0.174778761061947,1.62389380530973,4.6,-1.51714601769911,0.920907079646017,1.0031605562579,1,0.923817658279538,-1.5219410430395,-1.39715050855588
0,-18.4402654867257,-1.82522123893805,-0.376106194690265,4.5,-0.392146017699115,-1.32909292035398,-0.139696586599241,1,0.185669744246669,0.0547814601210521,0.521198495868901
1,-17.4402654867257,-1.82522123893805,-0.376106194690265,5,2.23285398230089,0.420907079646017,1.28887484197219,1,0.542496545763736,2.87786932358502,0.939824048966246
1,-18.4402654867257,0.174778761061947,-0.376106194690265,2.9,-0.142146017699115,-0.0790929203539825,-0.282553729456385,2.83333333333333,0.0223479996196146,0.0401638874282582,0.0112427436565119
0,6.55973451327434,0.174778761061947,2.62389380530973,3.6,0.232853982300885,0.670907079646017,-0.282553729456385,3,-0.189567297472674,-0.0657937611178861,0.156223385249432
1,-12.4402654867257,-1.82522123893805,-1.37610619469027,3.4,0.482853982300885,0.170907079646017,-0.425410872313527,3.5,-0.0727057298367698,-0.20541133381068,0.0825231640104941
1,-11.4402654867257,1.17477876106195,-2.37610619469027,2.8,1.35785398230089,-0.329092920353983,0.860303413400758,3.5,-0.283119762706555,1.16816641587326,-0.446860132449683
1,1.55973451327434,-0.825221238938053,-1.37610619469027,3.9,-0.0171460176991149,-0.329092920353983,0.146017699115044,1.16666666666667,-0.048053391025139,-0.00250362205341059,0.00564263303704281
1,10.5597345132743,1.17477876106195,2.62389380530973,3.9,0.107853982300885,0.420907079646017,0.43173198482933,2,0.181719048924292,0.0465640138505086,0.0453965047184588
0,12.5597345132743,-0.825221238938053,2.62389380530973,3.6,-1.26714601769911,-0.0790929203539825,0.717446270543616,1,-0.056744920734368,-0.909109184632425,0.100222279054742
1,-8.44026548672566,1.17477876106195,0.623893805309735,3.8,-0.0171460176991149,1.67090707964602,-1.28255372945638,1,-2.14302810657508,0.0219906889453251,-0.0286494023611871
1,-15.4402654867257,-0.825221238938053,-1.37610619469027,3.6,-0.767146017699115,-1.82909292035398,0.574589127686473,2.66666666666667,-1.0509769055637,-0.440793761117886,1.4031813498512
0,-15.4402654867257,-0.825221238938053,-0.376106194690265,3,2.10785398230089,1.67090707964602,1.28887484197219,5,2.15359009822897,2.7167599683385,3.5220281418866
1,9.55973451327434,-1.82522123893805,0.623893805309735,4.4,-1.51714601769911,-2.32909292035398,1.28887484197219,1,-3.00190926965978,-1.95541133381068,3.53357404896625
1,-3.44026548672566,1.17477876106195,-0.376106194690265,3.7,-0.0171460176991149,0.920907079646017,-0.56826801517067,1.5,-0.523322038307061,0.00974353344595723,-0.0157898890868509
0,-21.4402654867257,-1.82522123893805,-2.37610619469027,3,0.857853982300885,-0.0790929203539825,0.574589127686473,1,-0.0454459321123705,0.492913571372632,-0.0678501766974706
1,13.5597345132743,1.17477876106195,1.62389380530973,2.9,-0.142146017699115,0.420907079646017,1.0031605562579,1.83333333333333,0.422237380150588,-0.14259527818489,-0.0598302651930456
1,-0.440265486725664,-1.82522123893805,0.623893805309735,3,0.357853982300885,-0.329092920353983,-0.711125158027813,3,0.23402625499256,-0.254478969714599,-0.117767212095701
1,14.5597345132743,1.17477876106195,2.62389380530973,3.1,0.357853982300885,0.920907079646017,0.574589127686473,1,0.529143195574102,0.205619007529396,0.329550265780406
1,-24.4402654867257,1.17477876106195,-2.37610619469027,3.1,0.732853982300885,0.670907079646017,-0.282553729456385,3.83333333333333,-0.189567297472674,-0.207070625846078,0.491676925072441
0,-4.44026548672566,-1.82522123893805,-0.376106194690265,2.9,-0.392146017699115,-0.329092920353983,0.288874841972187,1,-0.0950666653614222,-0.113281118892854,0.129052478169786
1,-3.44026548672566,1.17477876106195,2.62389380530973,3.6,-1.64214601769911,-0.329092920353983,0.43173198482933,2.66666666666667,-0.142079939697706,-0.708966959600819,0.540418628612264
0,-5.44026548672566,-0.825221238938053,0.623893805309735,3.4,0.732853982300885,-0.329092920353983,0.43173198482933,4,-0.142079939697706,0.31639650436884,-0.241177057228444
1,20.5597345132743,-0.825221238938053,2.62389380530973,4.6,-1.76714601769911,-2.32909292035398,-2.71112515802781,1,6.31446241175615,4.79095402649273,4.11584727905474
1,7.55973451327434,1.17477876106195,-2.37610619469027,2.7,-0.642146017699115,1.17090707964602,0.00316055625790135,1,0.00370071769799621,-0.00202953861472537,-0.751893318290391
0,1.55973451327434,-0.825221238938053,2.62389380530973,3,0.107853982300885,0.420907079646017,-0.139696586599241,2.83333333333333,-0.0587992823020037,-0.0150668331785686,0.0453965047184588
0,1.55973451327434,1.17477876106195,0.623893805309735,3.5,-0.642146017699115,-0.579092920353983,1.0031605562579,1,-0.580923176107314,-0.64417555631384,0.371862212683061
1,-22.4402654867257,0.174778761061947,-1.37610619469027,3.5,0.107853982300885,-0.329092920353983,0.146017699115044,1.5,-0.048053391025139,0.0157485903359699,-0.035493982007205
1,-19.4402654867257,2.17477876106195,-1.37610619469027,3.4,0.482853982300885,-0.579092920353983,-0.282553729456385,1.33333333333333,0.163624864347807,-0.136432193481982,-0.27961732271517
0,-1.44026548672566,2.17477876106195,-1.37610619469027,2.8,-0.0171460176991149,0.170907079646017,0.574589127686473,2.66666666666667,0.0982013498092477,-0.00985191535303128,-0.00293037581251466
0,0.559734513274336,-0.825221238938053,-0.376106194690265,4.1,0.982853982300885,0.170907079646017,0.288874841972187,1.33333333333333,0.0493707556246713,0.283921788818903,0.167976703833503
1,15.5597345132743,0.174778761061947,0.623893805309735,4.5,-0.0171460176991149,1.42090707964602,-2.71112515802781,2.33333333333333,-3.85225693084815,0.0464849999440607,-0.0243628979364083
1,-17.4402654867257,1.17477876106195,-2.37610619469027,3,0.607853982300885,-1.82909292035398,1.14601769911504,1.66666666666667,-2.09617286005169,0.696611422194377,-1.11182141563552
1,3.55973451327434,0.174778761061947,-0.376106194690265,3.2,-0.0171460176991149,0.170907079646017,0.146017699115044,2.33333333333333,0.0249554585323831,-0.00250362205341059,-0.00293037581251466
1,-5.44026548672566,-1.82522123893805,-0.376106194690265,4.8,0.357853982300885,0.670907079646017,-0.996839443742099,1.33333333333333,-0.668786640076972,-0.356722964657709,0.240086770205184
0,19.5597345132743,1.17477876106195,0.623893805309735,3.1,-0.0171460176991149,-0.579092920353983,-0.139696586599241,1.66666666666667,0.0808973042972378,0.00239524014633654,0.00992913746182155
1,12.5597345132743,-1.82522123893805,0.623893805309735,3,0.232853982300885,0.670907079646017,-0.996839443742099,1.5,-0.668786640076972,-0.232118034189947,0.156223385249432
0,31.5597345132743,2.17477876106195,1.62389380530973,3.2,-0.392146017699115,-0.329092920353983,-0.282553729456385,1,0.0929864319837107,0.110802319792354,0.129052478169786
0,-16.4402654867257,1.17477876106195,-0.376106194690265,2.9,1.73285398230089,0.920907079646017,0.717446270543616,4.83333333333333,0.660701349809248,1.24322962699842,1.59579750029368
1,2.55973451327434,-1.82522123893805,-0.376106194690265,3,-1.64214601769911,0.170907079646017,1.0031605562579,1.66666666666667,0.171447241086112,-1.64733611257174,-0.280654380237293
0,-8.44026548672566,1.17477876106195,0.623893805309735,3.5,0.357853982300885,-0.829092920353983,-0.425410872313527,1,0.352705142476758,-0.152234974771489,-0.296694203246143
1,-19.4402654867257,-0.825221238938053,-1.37610619469027,3.5,0.107853982300885,0.170907079646017,0.717446270543616,1.66666666666667,0.122616646901536,0.0773794373650471,0.0184330091432375
1,-15.4402654867257,1.17477876106195,-0.376106194690265,4.1,1.10785398230089,0.420907079646017,0.43173198482933,1.16666666666667,0.181719048924292,0.478295998679839,0.466303584364476
0,-10.4402654867257,-0.825221238938053,-0.376106194690265,3.1,0.732853982300885,0.920907079646017,0.574589127686473,1.16666666666667,0.529143195574102,0.421089930411823,0.674890420647662
1,14.5597345132743,-0.825221238938053,-0.376106194690265,3.6,-1.01714601769911,0.170907079646017,0.288874841972187,3,0.0493707556246713,-0.293827895125471,-0.173837455458532
1,7.55973451327434,-0.825221238938053,2.62389380530973,3.5,0.232853982300885,0.420907079646017,0.860303413400758,2,0.362107797344014,0.200325075797411,0.098009889674211
1,14.5597345132743,-0.825221238938053,2.62389380530973,4.5,-1.01714601769911,-0.0790929203539825,0.717446270543616,1.66666666666667,-0.056744920734368,-0.729747616996521,0.0804490489662466
1,0.559734513274336,0.174778761061947,0.623893805309735,2.7,0.857853982300885,0.170907079646017,-0.282553729456385,1.83333333333333,-0.0482904327444816,-0.242389842028126,0.146613318877751
1,-4.44026548672566,-0.825221238938053,-1.37610619469027,2.4,-1.26714601769911,-1.07909292035398,1.28887484197219,2.5,-1.39081571719454,-1.63319262331763,1.36736829675386
1,-9.44026548672566,0.174778761061947,1.62389380530973,3.8,-1.76714601769911,-0.0790929203539825,0.43173198482933,1.33333333333333,-0.034146943490373,-0.762933457704486,0.139768739231733
1,-19.4402654867257,1.17477876106195,-1.37610619469027,4.7,-1.26714601769911,0.670907079646017,0.860303413400758,1,0.577183650694203,-1.09013004430373,-0.850137234219594
0,-13.4402654867257,-0.825221238938053,-0.376106194690265,2.8,-1.01714601769911,1.42090707964602,1.0031605562579,4.16666666666667,1.42539793640849,-1.02036076491055,-1.44526997758243
1,-24.4402654867257,-1.82522123893805,-1.37610619469027,3.2,0.482853982300885,-0.579092920353983,0.288874841972187,2.33333333333333,-0.167285375854469,0.139484367832809,-0.27961732271517
0,9.55973451327434,-1.82522123893805,2.62389380530973,4.7,1.60785398230089,-2.32909292035398,0.860303413400758,1.5,-2.00372658950807,1.38324226922345,-3.74484132713995
1,10.5597345132743,0.174778761061947,-0.376106194690265,3.1,-0.517146017699115,-0.329092920353983,1.28887484197219,2,-0.424159585715405,-0.666536491838493,0.170189093214034
1,4.55973451327434,-0.825221238938053,1.62389380530973,2.5,0.107853982300885,0.420907079646017,-0.139696586599241,3,-0.0587992823020037,-0.0150668331785686,0.0453965047184588
1,-22.4402654867257,1.17477876106195,-1.37610619469027,3.8,0.357853982300885,0.920907079646017,-2.13969658659924,1.66666666666667,-1.97046173489366,-0.765698944430149,0.329550265780406
1,-0.440265486725664,-0.825221238938053,-1.37610619469027,3.4,0.857853982300885,1.17090707964602,0.717446270543616,2.5,0.840062917445152,0.615464140272759,1.00446730117864
0,16.5597345132743,-1.82522123893805,-2.37610619469027,3.9,-0.142146017699115,-0.0790929203539825,-0.139696586599241,1,0.011049010997617,0.0198573134712417,0.0112427436565119
1,-7.44026548672566,1.17477876106195,0.623893805309735,3.5,-0.267146017699115,-0.329092920353983,0.146017699115044,1.83333333333333,-0.048053391025139,-0.0390080468321716,0.0879158631255384
1,-11.4402654867257,1.17477876106195,1.62389380530973,3.2,0.857853982300885,1.17090707964602,0.43173198482933,2.5,0.50551803754629,0.370363002472506,1.00446730117864
0,-10.4402654867257,0.174778761061947,-1.37610619469027,3.3,0.607853982300885,0.920907079646017,-0.996839443742099,1.66666666666667,-0.917996501012497,-0.605932825593234,0.55977703569191
0,-14.4402654867257,-0.825221238938053,1.62389380530973,3.4,0.232853982300885,-1.07909292035398,-0.282553729456385,2.33333333333333,0.304901729075999,-0.0657937611178861,-0.251271083777117
1,-18.4402654867257,2.17477876106195,-1.37610619469027,3.1,0.482853982300885,0.420907079646017,-0.425410872313527,1,-0.179058447915152,-0.20541133381068,0.203236659585715
0,-3.44026548672566,2.17477876106195,-0.376106194690265,3.9,-0.267146017699115,0.420907079646017,0.574589127686473,2,0.241848631730866,-0.153499197274649,-0.112443650148798
0,16.5597345132743,1.17477876106195,-0.376106194690265,3.7,-0.142146017699115,-0.329092920353983,0.146017699115044,2,-0.048053391025139,-0.0207558344427911,0.0467792480812906
1,-19.4402654867257,-0.825221238938053,-0.376106194690265,3.2,1.10785398230089,0.420907079646017,-0.711125158027813,2.5,-0.299317613528299,-0.787822838235459,0.466303584364476
1,9.55973451327434,-1.82522123893805,2.62389380530973,3.5,0.482853982300885,0.670907079646017,-1.13969658659924,1,-0.764630508597832,-0.550307035454169,0.323950155160937
0,4.55973451327434,2.17477876106195,-0.376106194690265,3.6,0.107853982300885,-0.0790929203539825,-0.425410872313527,1,0.0336469882416121,-0.0458822566931073,-0.00853048643198374
1,13.5597345132743,-1.82522123893805,2.62389380530973,3.8,-1.01714601769911,-2.32909292035398,-1.13969658659924,1.66666666666667,2.65445925119989,1.15923784444469,2.36902758878926
1,8.55973451327434,0.174778761061947,-2.37610619469027,3.1,-0.142146017699115,-0.829092920353983,0.146017699115044,1.66666666666667,-0.121062240582661,-0.0207558344427911,0.117852256930848
1,11.5597345132743,2.17477876106195,-1.37610619469027,4.5,-1.14214601769911,-0.579092920353983,0.288874841972187,1,-0.167285375854469,-0.329937250371994,0.661408672860052
0,-23.4402654867257,1.17477876106195,-1.37610619469027,3.3,1.48285398230089,0.920907079646017,-0.56826801517067,2.16666666666667,-0.523322038307061,-0.842658489310048,1.36557073038218
0,17.5597345132743,-0.825221238938053,-1.37610619469027,4.3,0.357853982300885,0.420907079646017,0.288874841972187,2.5,0.121589466117718,0.103375012586286,0.150623274629963
0,29.5597345132743,-1.82522123893805,0.623893805309735,3.5,-0.0171460176991149,0.920907079646017,1.28887484197219,1,1.18693396674983,-0.0220990708523991,-0.0157898890868509
0,-2.44026548672566,-1.82522123893805,1.62389380530973,2.3,0.732853982300885,1.67090707964602,-2.71112515802781,1,-4.5300382203551,-1.9868588685768,1.22453090737333
0,17.5597345132743,-1.82522123893805,0.623893805309735,3.3,-1.01714601769911,-1.32909292035398,-0.139696586599241,1.33333333333333,0.185669744246669,0.142091826745578,1.35188157109014
1,2.55973451327434,0.174778761061947,-2.37610619469027,3.9,1.73285398230089,0.920907079646017,-0.996839443742099,1,-0.917996501012497,-1.72737719980309,1.59579750029368
0,7.55973451327434,-1.82522123893805,-2.37610619469027,3.7,0.107853982300885,-1.07909292035398,-0.711125158027813,2.5,0.76737012351342,-0.0766976802076458,-0.116384468732869
0,-15.4402654867257,2.17477876106195,-0.376106194690265,3.7,-0.267146017699115,0.170907079646017,1.0031605562579,1.66666666666667,0.171447241086112,-0.267990347717127,-0.045657145724019
1,-13.4402654867257,1.17477876106195,1.62389380530973,3.1,0.357853982300885,1.42090707964602,0.717446270543616,1.16666666666667,1.01942448508106,0.256741005000951,0.508477256930848
1,0.559734513274336,1.17477876106195,1.62389380530973,3.5,-0.767146017699115,1.42090707964602,0.00316055625790135,1.33333333333333,0.00449085676247155,-0.00242460814696304,-1.09004320767092
1,-9.44026548672566,-0.825221238938053,-1.37610619469027,2.7,0.607853982300885,-2.32909292035398,0.43173198482933,1.66666666666667,-1.00554390935637,0.262430006265174,-1.41574840678597
0,-18.4402654867257,1.17477876106195,-1.37610619469027,5,2.23285398230089,1.67090707964602,1.28887484197219,1.66666666666667,2.15359009822897,2.87786932358502,3.73089152684235
1,19.5597345132743,-0.825221238938053,0.623893805309735,3.2,-1.51714601769911,0.420907079646017,0.288874841972187,3.5,0.121589466117718,-0.438265316111565,-0.63857749970632
1,1.55973451327434,1.17477876106195,2.62389380530973,4.8,-0.267146017699115,-1.07909292035398,1.14601769911504,1,-1.2366595857154,-0.306154064531286,0.288275376399875
1,-15.4402654867257,1.17477876106195,-1.37610619469027,2.7,1.23285398230089,-0.0790929203539825,0.574589127686473,1.33333333333333,-0.0454459321123705,0.708384494255059,-0.0975100218302141
1,10.5597345132743,1.17477876106195,-1.37610619469027,3.5,-0.767146017699115,0.420907079646017,0.717446270543616,1,0.30197821453744,-0.550386049360617,-0.322897189971806
0,0.559734513274336,1.17477876106195,1.62389380530973,3.1,1.35785398230089,0.670907079646017,-1.9968394437421,3.83333333333333,-1.33969371972299,-2.71141639070069,0.910993849851202
0,-3.44026548672566,2.17477876106195,-1.37610619469027,2.7,1.35785398230089,0.920907079646017,0.43173198482933,1.66666666666667,0.397585041338957,0.586228994887171,1.25045734542642
1,-6.44026548672566,-0.825221238938053,-0.376106194690265,3.2,-1.64214601769911,0.670907079646017,0.288874841972187,3,0.193808176610765,-0.474374671358088,-1.10172738908685
1,-15.4402654867257,0.174778761061947,-1.37610619469027,3,0.357853982300885,0.920907079646017,0.860303413400758,2,0.792259504044393,0.307863002472506,0.329550265780406
1,-2.44026548672566,1.17477876106195,-1.37610619469027,2.4,0.107853982300885,-0.579092920353983,0.717446270543616,1.66666666666667,-0.415468056006176,0.0773794373650471,-0.0624574775824263
1,18.5597345132743,-1.82522123893805,2.62389380530973,4.3,-1.14214601769911,1.67090707964602,0.00316055625790135,1.33333333333333,0.00528099582694689,-0.00360981674367604,-1.90841986696296
0,-19.4402654867257,0.174778761061947,-2.37610619469027,3.1,0.232853982300885,0.170907079646017,-0.711125158027813,3,-0.121536324021346,-0.165588324961122,0.0397963940989897
1,16.5597345132743,1.17477876106195,1.62389380530973,4,-0.267146017699115,-0.329092920353983,0.146017699115044,2.16666666666667,-0.048053391025139,-0.0390080468321716,0.0879158631255384
1,-10.4402654867257,-0.825221238938053,-1.37610619469027,3.4,1.10785398230089,1.67090707964602,0.43173198482933,4.33333333333333,0.721384029960955,0.478295998679839,1.85112106224058
1,18.5597345132743,-0.825221238938053,-0.376106194690265,4.3,-0.267146017699115,0.420907079646017,-0.139696586599241,1.33333333333333,-0.0587992823020037,0.0373193867961469,-0.112443650148798
1,-17.4402654867257,-0.825221238938053,0.623893805309735,3,0.107853982300885,-1.32909292035398,-0.139696586599241,2,0.185669744246669,-0.0150668331785686,-0.14334796430809
0,-15.4402654867257,-1.82522123893805,-0.376106194690265,3.7,0.607853982300885,-0.0790929203539825,0.00316055625790135,1.5,-0.000249977624380472,0.00192115670765132,-0.048076946608975
1,-7.44026548672566,1.17477876106195,-1.37610619469027,3.1,0.357853982300885,-0.0790929203539825,-0.139696586599241,2,0.011049010997617,-0.049990979828379,-0.0283037165204794
1,-27.4402654867257,-1.82522123893805,-1.37610619469027,5,2.23285398230089,-1.32909292035398,1.28887484197219,1.66666666666667,-1.71303442768759,2.87786932358502,-2.9676704200603
0,4.55973451327434,1.17477876106195,-1.37610619469027,4.6,-1.76714601769911,-1.32909292035398,1.28887484197219,1,-1.71303442768759,-2.27763004430373,2.34870126135563
1,-6.44026548672566,-1.82522123893805,-0.376106194690265,4.2,2.23285398230089,1.67090707964602,1.28887484197219,5,2.15359009822897,2.87786932358502,3.73089152684235
1,14.5597345132743,-0.825221238938053,2.62389380530973,4.5,-1.14214601769911,-1.57909292035398,0.574589127686473,1,-0.907329623642079,-0.656264684000313,1.80355469055917
0,2.55973451327434,-1.82522123893805,1.62389380530973,4.1,-1.01714601769911,-0.579092920353983,-0.139696586599241,2,0.0808973042972378,0.142091826745578,0.589022057815804
1,-0.440265486725664,-1.82522123893805,-0.376106194690265,4.3,-0.392146017699115,-1.82909292035398,0.43173198482933,2.16666666666667,-0.789677916941701,-0.169301978564157,0.717271504718459
0,24.5597345132743,1.17477876106195,2.62389380530973,4.6,-0.0171460176991149,-2.32909292035398,0.860303413400758,1,-2.00372658950807,-0.0147507775527784,0.0399346684352727
1,-7.44026548672566,-1.82522123893805,-2.37610619469027,3.6,0.732853982300885,0.170907079646017,-1.71112515802781,1,-0.292443403667364,-1.25400488627591,0.125249933921998
0,-12.4402654867257,-0.825221238938053,-1.37610619469027,4,0.107853982300885,0.170907079646017,-0.139696586599241,1,-0.0238751356521933,-0.0150668331785686,0.0184330091432375
1,13.5597345132743,1.17477876106195,2.62389380530973,3.4,-0.142146017699115,-0.579092920353983,0.43173198482933,1.33333333333333,-0.250012935905038,-0.061368982356824,0.0823157525060694
0,9.55973451327434,-1.82522123893805,-0.376106194690265,4.8,-1.26714601769911,-1.32909292035398,1.28887484197219,1,-1.71303442768759,-1.63319262331763,1.68415480117864
1,-4.44026548672566,-1.82522123893805,-2.37610619469027,4.1,0.107853982300885,-0.0790929203539825,0.288874841972187,2.33333333333333,-0.0228479548683755,0.0311563020932392,-0.00853048643198374
1,-11.4402654867257,1.17477876106195,-2.37610619469027,3.1,0.482853982300885,-0.329092920353983,-0.425410872313527,3,0.139999706319994,-0.20541133381068,-0.158903827139948
1,-11.4402654867257,0.174778761061947,-0.376106194690265,3.7,-1.01714601769911,1.67090707964602,-0.711125158027813,1.33333333333333,-1.18822406106307,0.723318122573644,-1.6995564820072
1,11.5597345132743,-0.825221238938053,-1.37610619469027,3.4,1.10785398230089,0.420907079646017,0.574589127686473,2.5,0.241848631730866,0.63656085329425,0.466303584364476
1,7.55973451327434,-1.82522123893805,0.623893805309735,3.7,0.732853982300885,-0.329092920353983,-2.28255372945638,1,0.751172272691676,-1.67277859044785,-0.241177057228444
0,-7.44026548672566,-0.825221238938053,-0.376106194690265,3.4,-1.01714601769911,0.670907079646017,1.28887484197219,2.66666666666667,0.864715256256782,-1.31097391282459,-0.68241046430809
1,6.55973451327434,-1.82522123893805,2.62389380530973,3.9,-0.892146017699115,-1.07909292035398,0.146017699115044,1,-0.157566665361422,-0.130269108779074,0.962708451621114
0,14.5597345132743,0.174778761061947,0.623893805309735,3.2,-0.0171460176991149,0.170907079646017,-0.996839443742099,3,-0.170366918205923,0.0170918267455779,-0.00293037581251466
0,-13.4402654867257,1.17477876106195,-1.37610619469027,3.7,-0.767146017699115,1.42090707964602,0.146017699115044,3.16666666666667,0.207477582426188,-0.112016896389694,-1.09004320767092
0,11.5597345132743,-1.82522123893805,1.62389380530973,3,-0.0171460176991149,0.170907079646017,0.288874841972187,1,0.0493707556246713,-0.00495305315328415,-0.00293037581251466
0,2.55973451327434,1.17477876106195,-2.37610619469027,2.5,-0.517146017699115,-0.329092920353983,-1.13969658659924,1.5,0.37506607800141,0.589389551145072,0.170189093214034
1,-2.44026548672566,1.17477876106195,0.623893805309735,3,-0.392146017699115,1.67090707964602,-0.56826801517067,1.66666666666667,-0.949523049685063,0.222844039134959,-0.655239557228444
1,-14.4402654867257,0.174778761061947,-0.376106194690265,3.4,0.982853982300885,0.420907079646017,-0.139696586599241,1.83333333333333,-0.0587992823020037,-0.137301346452905,0.413690199408724
1,-5.44026548672566,1.17477876106195,-1.37610619469027,2.4,1.23285398230089,0.670907079646017,1.0031605562579,2,0.673027519215063,1.23675048666972,0.82713046489545
1,-7.44026548672566,-1.82522123893805,-1.37610619469027,2.3,-0.517146017699115,0.920907079646017,-1.9968394437421,1.5,-1.83890358065851,1.03265756631574,-0.47624342890986
1,-26.4402654867257,0.174778761061947,-2.37610619469027,3.1,-0.642146017699115,-1.07909292035398,0.00316055625790135,3,-0.00341053388228182,-0.00202953861472537,0.692935221532618
1,6.55973451327434,0.174778761061947,0.623893805309735,3.6,-0.0171460176991149,-0.579092920353983,-0.139696586599241,2,0.0808973042972378,0.00239524014633654,0.00992913746182155
1,6.55973451327434,1.17477876106195,1.62389380530973,3.3,0.107853982300885,-0.579092920353983,0.00316055625790135,1.83333333333333,-0.00183025575333115,0.000340878578700643,-0.0624574775824263
1,7.55973451327434,0.174778761061947,-0.376106194690265,3.2,-0.267146017699115,-1.07909292035398,0.43173198482933,2,-0.465878928319703,-0.11533548046049,0.288275376399875
0,-9.44026548672566,2.17477876106195,0.623893805309735,3.9,0.357853982300885,-1.57909292035398,0.146017699115044,1,-0.230575514918944,0.052253015114731,-0.565084689971807
1,-3.44026548672566,-1.82522123893805,1.62389380530973,2.3,-0.642146017699115,-1.57909292035398,0.146017699115044,2.33333333333333,-0.230575514918944,-0.0937646840003132,1.01400823038218
0,7.55973451327434,1.17477876106195,-0.376106194690265,2.9,-0.0171460176991149,-1.07909292035398,0.43173198482933,1,-0.465878928319703,-0.00740248425315772,0.018502146311379
1,17.5597345132743,0.174778761061947,2.62389380530973,4.4,-0.267146017699115,-0.579092920353983,0.574589127686473,1.16666666666667,-0.332740495955607,-0.153499197274649,0.154702367550317
1,-16.4402654867257,1.17477876106195,-0.376106194690265,4.1,-1.14214601769911,-1.32909292035398,0.860303413400758,2,-1.14342317610731,-0.982592117628631,1.51801818613439
1,13.5597345132743,0.174778761061947,0.623893805309735,3.9,0.357853982300885,-0.329092920353983,-0.425410872313527,1.66666666666667,0.139999706319994,-0.152234974771489,-0.117767212095701
1,12.5597345132743,-0.825221238938053,-0.376106194690265,3.3,1.85785398230089,0.670907079646017,1.14601769911504,3,0.768871387735922,2.12913354608818,1.24644738967421
0,-4.44026548672566,1.17477876106195,2.62389380530973,2.8,-0.0171460176991149,0.170907079646017,-0.139696586599241,2.83333333333333,-0.0238751356521933,0.00239524014633654,-0.00293037581251466
1,11.5597345132743,0.174778761061947,-0.376106194690265,3.2,-0.767146017699115,0.170907079646017,0.288874841972187,2,0.0493707556246713,-0.221609184632424,-0.131110685547028
0,17.5597345132743,1.17477876106195,0.623893805309735,3.7,-0.0171460176991149,0.670907079646017,0.00316055625790135,1,0.00212043956904554,-5.4190953537025e-05,-0.0115033846620721
1,9.55973451327434,-0.825221238938053,-1.37610619469027,3.9,1.98285398230089,0.670907079646017,0.860303413400758,3.83333333333333,0.577183650694203,1.70585604924874,1.33031077462996
1,-4.44026548672566,-1.82522123893805,-0.376106194690265,3.5,-0.267146017699115,1.42090707964602,-2.42541087231353,1.33333333333333,-3.44628347952071,0.647938855822695,-0.379589667847913
0,2.55973451327434,-1.82522123893805,1.62389380530973,4.1,0.732853982300885,1.42090707964602,0.146017699115044,1,0.207477582426188,0.107009652282873,1.0413174117981
1,11.5597345132743,-1.82522123893805,-1.37610619469027,4.8,1.73285398230089,-2.32909292035398,1.28887484197219,1.33333333333333,-3.00190926965978,2.23343190259893,-4.0359779421842
1,-4.44026548672566,-1.82522123893805,-1.37610619469027,4,0.107853982300885,-1.32909292035398,0.146017699115044,1,-0.194071090140183,0.0157485903359699,-0.14334796430809
0,-21.4402654867257,0.174778761061947,-2.37610619469027,3.1,0.607853982300885,0.420907079646017,-2.56826801517067,2,-1.08100219001376,-1.56113194063748,0.255850044541468
1,-22.4402654867257,0.174778761061947,-2.37610619469027,3.1,0.357853982300885,-0.0790929203539825,-0.56826801517067,5,0.0449459768636096,-0.203356972243044,-0.0283037165204794
0,-6.44026548672566,0.174778761061947,-0.376106194690265,3.4,-0.767146017699115,0.670907079646017,1.0031605562579,1,0.673027519215063,-0.769570625846078,-0.514683694396585
1,10.5597345132743,1.17477876106195,-1.37610619469027,2.9,-0.267146017699115,0.420907079646017,-0.139696586599241,1.33333333333333,-0.0587992823020037,0.0373193867961469,-0.112443650148798
1,4.55973451327434,2.17477876106195,-0.376106194690265,3.7,-1.14214601769911,0.920907079646017,0.574589127686473,2,0.529143195574102,-0.656264684000313,-1.05181035368862
1,-0.440265486725664,1.17477876106195,0.623893805309735,2.9,0.482853982300885,0.420907079646017,0.574589127686473,1.16666666666667,0.241848631730866,0.277442648490205,0.203236659585715
1,12.5597345132743,-0.825221238938053,0.623893805309735,4,-0.517146017699115,-0.829092920353983,0.00316055625790135,1.33333333333333,-0.00262039481780648,-0.0016344690824877,0.428762102063592
0,18.5597345132743,-0.825221238938053,0.623893805309735,2.3,0.607853982300885,0.420907079646017,-0.853982300884956,1,-0.359447196334873,-0.519096542407393,0.255850044541468
1,19.5597345132743,1.17477876106195,0.623893805309735,4.5,1.48285398230089,1.67090707964602,0.43173198482933,3,0.721384029960955,0.640195492990838,2.47771121710784
0,0.559734513274336,-0.825221238938053,2.62389380530973,2.5,0.107853982300885,0.670907079646017,0.288874841972187,4,0.193808176610765,0.0311563020932392,0.07236000029368
0,-13.4402654867257,1.17477876106195,-0.376106194690265,2.7,1.23285398230089,1.17090707964602,0.288874841972187,3.5,0.338245597596858,0.35614049931195,1.44355745604589
1,-19.4402654867257,0.174778761061947,-1.37610619469027,2.8,-0.267146017699115,0.920907079646017,0.00316055625790135,2.83333333333333,0.00291057863352088,-0.000844330018012362,-0.246016658998355
0,-4.44026548672566,-1.82522123893805,2.62389380530973,2.9,-0.0171460176991149,1.67090707964602,-0.282553729456385,2.33333333333333,-0.472121026929059,0.00484467124621011,-0.0286494023611871
0,10.5597345132743,-1.82522123893805,2.62389380530973,3.2,1.98285398230089,0.670907079646017,1.14601769911504,1,0.768871387735922,2.27238575847756,1.33031077462996
0,-12.4402654867257,-0.825221238938053,-0.376106194690265,3.6,0.357853982300885,-1.82909292035398,0.146017699115044,2.5,-0.267079939697705,0.052253015114731,-0.654548185547028
0,6.55973451327434,-0.825221238938053,2.62389380530973,3.5,0.482853982300885,0.920907079646017,0.00316055625790135,1,0.00291057863352088,0.00152608717541365,0.444663650736158
0,5.55973451327434,-2.82522123893805,-1.37610619469027,2.9,0.732853982300885,-0.579092920353983,-0.139696586599241,2.33333333333333,0.0808973042972378,-0.102377199803095,-0.424390552803665
0,15.5597345132743,0.174778761061947,1.62389380530973,3.6,0.607853982300885,-0.329092920353983,0.43173198482933,2,-0.142079939697706,0.262430006265174,-0.200040442184196
1,2.55973451327434,-1.82522123893805,0.623893805309735,4,0.107853982300885,1.67090707964602,-2.71112515802781,1,-4.5300382203551,-0.292405644809416,0.180213982594565
1,-12.4402654867257,-0.825221238938053,1.62389380530973,2.3,0.732853982300885,1.67090707964602,-1.9968394437421,1,-3.33653316346509,-1.46339173836188,1.22453090737333
1,-9.44026548672566,-1.82522123893805,-0.376106194690265,3.6,-0.0171460176991149,-1.32909292035398,0.288874841972187,2,-0.383941507333609,-0.00495305315328415,0.0227886507361578
1,-25.4402654867257,-0.825221238938053,-2.37610619469027,3.3,-0.517146017699115,-0.329092920353983,-0.282553729456385,2.5,0.0929864319837107,0.146121535974402,0.170189093214034
1,5.55973451327434,-0.825221238938053,-0.376106194690265,2.7,-0.892146017699115,0.670907079646017,-0.996839443742099,3.5,-0.668786640076972,0.889326340019914,-0.598547079352337
1,-0.440265486725664,0.174778761061947,0.623893805309735,2.9,-0.392146017699115,0.670907079646017,-0.711125158027813,2.83333333333333,-0.477098903035253,0.278864898806261,-0.263093539529329
1,-14.4402654867257,0.174778761061947,-0.376106194690265,3.6,0.107853982300885,-0.329092920353983,0.146017699115044,2.5,-0.048053391025139,0.0157485903359699,-0.035493982007205
1,11.5597345132743,1.17477876106195,-0.376106194690265,3.3,-0.767146017699115,0.170907079646017,0.146017699115044,2,0.0249554585323831,-0.112016896389694,-0.131110685547028
1,14.5597345132743,2.17477876106195,-1.37610619469027,3.3,-0.0171460176991149,1.42090707964602,0.288874841972187,1.83333333333333,0.410464308089905,-0.00495305315328415,-0.0243628979364083
1,12.5597345132743,-0.825221238938053,-1.37610619469027,4,-0.0171460176991149,1.67090707964602,0.146017699115044,1.33333333333333,0.243982007204949,-0.00250362205341059,-0.0286494023611871
0,9.55973451327434,-0.825221238938053,-0.376106194690265,3.4,-0.392146017699115,-0.329092920353983,0.43173198482933,1.83333333333333,-0.142079939697706,-0.169301978564157,0.129052478169786
1,-18.4402654867257,-0.825221238938053,-1.37610619469027,3.3,-1.76714601769911,0.420907079646017,-1.42541087231353,3.16666666666667,-0.599965527561169,2.51890914659387,-0.743804269617824
1,7.55973451327434,2.17477876106195,0.623893805309735,4.6,-0.767146017699115,0.670907079646017,-2.71112515802781,1,-1.81891306232729,2.07982886846492,-0.514683694396585
0,10.5597345132743,-1.82522123893805,0.623893805309735,3.9,-1.01714601769911,0.170907079646017,-0.139696586599241,1.5,-0.0238751356521933,0.142091826745578,-0.173837455458532
1,-10.4402654867257,1.17477876106195,-0.376106194690265,2.6,0.857853982300885,-0.0790929203539825,0.00316055625790135,2.66666666666667,-0.000249977624380472,0.00271129577212665,-0.0678501766974706
1,6.55973451327434,1.17477876106195,2.62389380530973,3.2,-0.0171460176991149,0.420907079646017,-0.853982300884956,2,-0.359447196334873,0.0146423956457044,-0.0072168802372934
1,18.5597345132743,1.17477876106195,-0.376106194690265,4.2,0.607853982300885,-1.07909292035398,0.288874841972187,2,-0.311722796840562,0.175593723079333,-0.65593092890986
1,-23.4402654867257,-1.82522123893805,-1.37610619469027,2.9,0.607853982300885,-0.0790929203539825,-0.282553729456385,2.83333333333333,0.0223479996196146,-0.17175140966403,-0.048076946608975
0,-2.44026548672566,0.174778761061947,2.62389380530973,3.3,-0.392146017699115,-0.329092920353983,1.0031605562579,1.66666666666667,-0.330133037042838,-0.393385417249365,0.129052478169786
0,7.55973451327434,1.17477876106195,2.62389380530973,4.2,0.357853982300885,-0.0790929203539825,-0.853982300884956,1.16666666666667,0.0675439541076046,-0.305600967186154,-0.0283037165204794
0,-14.4402654867257,1.17477876106195,-0.376106194690265,3.6,1.35785398230089,-1.32909292035398,0.860303413400758,1,-1.14342317610731,1.16816641587326,-1.80471411475057
1,-7.44026548672566,4.17477876106195,-0.376106194690265,3.3,0.482853982300885,-0.329092920353983,-1.56826801517067,1.33333333333333,0.51610590101026,-0.757244456440263,-0.158903827139948
1,-1.44026548672566,-1.82522123893805,-2.37610619469027,4.5,0.607853982300885,1.67090707964602,-0.139696586599241,3,-0.233420015551056,-0.0849151264781894,1.01566752241757
1,7.55973451327434,0.174778761061947,-0.376106194690265,3.1,0.857853982300885,0.670907079646017,0.43173198482933,2.16666666666667,0.289652045131625,0.370363002472506,0.575540310028193
1,-7.44026548672566,0.174778761061947,1.62389380530973,3,0.857853982300885,1.17090707964602,-1.13969658659924,2.33333333333333,-1.33447880189745,-0.977693255428885,1.00446730117864
1,-4.44026548672566,1.17477876106195,0.623893805309735,3.9,-1.76714601769911,1.17090707964602,0.717446270543616,1,0.840062917445152,-1.26783231990423,-2.06916378289216
0,-16.4402654867257,-0.825221238938053,-2.37610619469027,3.3,-1.14214601769911,-1.32909292035398,0.860303413400758,1,-1.14342317610731,-0.982592117628631,1.51801818613439
1,-20.4402654867257,-1.82522123893805,-1.37610619469027,2.2,-1.26714601769911,0.920907079646017,-1.42541087231353,1.66666666666667,-1.31267096371793,1.80620371043711,-1.16692373864437
0,15.5597345132743,-0.825221238938053,2.62389380530973,3.7,0.107853982300885,1.67090707964602,1.28887484197219,1,2.15359009822897,0.139010284394124,0.180213982594565
0,4.55973451327434,-1.82522123893805,-0.376106194690265,3.8,0.232853982300885,-0.329092920353983,-0.711125158027813,1,0.23402625499256,-0.165588324961122,-0.0766305970514528
1,-10.4402654867257,1.17477876106195,2.62389380530973,3.8,-0.767146017699115,-1.32909292035398,-0.139696586599241,2.33333333333333,0.185669744246669,0.107167680095768,1.01960834100164
0,-15.4402654867257,-1.82522123893805,0.623893805309735,4,0.232853982300885,0.670907079646017,0.288874841972187,2,0.193808176610765,0.0672656573397626,0.156223385249432
1,-23.4402654867257,0.174778761061947,-2.37610619469027,3.1,0.607853982300885,-1.07909292035398,-0.853982300884956,2.66666666666667,0.92152625499256,-0.519096542407393,-0.65593092890986
0,13.5597345132743,-1.82522123893805,0.623893805309735,3.6,0.482853982300885,0.170907079646017,-0.425410872313527,2.66666666666667,-0.0727057298367698,-0.20541133381068,0.0825231640104941
1,13.5597345132743,2.17477876106195,-1.37610619469027,5,1.73285398230089,1.17090707964602,-0.853982300884956,1,-0.99993392199859,-1.47982663090297,2.0290109958689
0,-23.4402654867257,-0.825221238938053,-1.37610619469027,5,-0.767146017699115,0.670907079646017,0.288874841972187,1.5,0.193808176610765,-0.221609184632424,-0.514683694396585
1,-2.44026548672566,-1.82522123893805,-1.37610619469027,5,-1.76714601769911,-2.32909292035398,0.00316055625790135,1,-0.0073612292046585,-0.00558516440486438,4.11584727905474
1,13.5597345132743,-1.82522123893805,2.62389380530973,4.5,0.857853982300885,0.670907079646017,-1.71112515802781,1,-1.14800598268127,-1.46789553102939,0.575540310028193
0,24.5597345132743,-0.825221238938053,-0.376106194690265,3.5,-0.0171460176991149,0.170907079646017,0.00316055625790135,1,0.000540161440094865,-5.4190953537025e-05,-0.00293037581251466
1,11.5597345132743,-1.82522123893805,-0.376106194690265,3.2,-0.267146017699115,-0.0790929203539825,0.00316055625790135,1.33333333333333,-0.000249977624380472,-0.000844330018012362,0.0211293587007597
0,-11.4402654867257,-1.82522123893805,0.623893805309735,3.8,-0.892146017699115,0.670907079646017,-0.139696586599241,4.33333333333333,-0.0937234289518141,0.124629753420673,-0.598547079352337
1,-15.4402654867257,0.174778761061947,0.623893805309735,2.8,-0.392146017699115,-0.329092920353983,0.288874841972187,2.66666666666667,-0.0950666653614222,-0.113281118892854,0.129052478169786
1,9.55973451327434,-1.82522123893805,1.62389380530973,3.3,0.357853982300885,-0.329092920353983,-1.13969658659924,1.33333333333333,0.37506607800141,-0.407844962129264,-0.117767212095701
1,-4.44026548672566,-0.825221238938053,-2.37610619469027,2.6,-1.14214601769911,0.170907079646017,-1.56826801517067,2,-0.268028106575075,1.79119106821208,-0.195200840414284
1,7.55973451327434,-1.82522123893805,-1.37610619469027,4.9,-0.142146017699115,0.170907079646017,0.43173198482933,1,0.0737860527169595,-0.061368982356824,-0.0242937607682668
1,-11.4402654867257,-0.825221238938053,-0.376106194690265,4.5,0.732853982300885,0.670907079646017,0.146017699115044,1,0.0979643080899051,0.107009652282873,0.491676925072441
0,18.5597345132743,-1.82522123893805,2.62389380530973,3.9,-0.517146017699115,-0.329092920353983,0.146017699115044,2.16666666666667,-0.048053391025139,-0.0755124716109327,0.170189093214034
0,16.5597345132743,1.17477876106195,-0.376106194690265,2.9,0.232853982300885,1.17090707964602,0.00316055625790135,3,0.00370071769799621,0.000735948110938312,0.272650376399875
1,9.55973451327434,-0.825221238938053,2.62389380530973,4,-0.517146017699115,-0.329092920353983,-0.282553729456385,1,0.0929864319837107,0.146121535974402,0.170189093214034
0,14.5597345132743,0.174778761061947,-1.37610619469027,3.6,-0.517146017699115,-0.579092920353983,-0.853982300884956,1,0.494535104550082,0.441633546088182,0.299475597638813
0,-30.4402654867257,-1.82522123893805,-2.37610619469027,3.9,-0.642146017699115,-0.579092920353983,0.146017699115044,1,-0.0845578158039,-0.0937646840003132,0.371862212683061
0,-10.4402654867257,1.17477876106195,-1.37610619469027,3.1,-1.01714601769911,-1.32909292035398,0.717446270543616,1,-0.953552758913888,-0.729747616996521,1.35188157109014
1,7.55973451327434,-0.825221238938053,-0.376106194690265,3.9,-1.01714601769911,-0.579092920353983,1.14601769911504,1,-0.663650736157882,-1.16566733886757,0.589022057815804
0,-9.44026548672566,0.174778761061947,2.62389380530973,3.1,0.107853982300885,-0.579092920353983,0.860303413400758,2.16666666666667,-0.498195616056745,0.0927871491223164,-0.0624574775824263
0,10.5597345132743,1.17477876106195,1.62389380530973,3.4,0.482853982300885,0.170907079646017,0.43173198482933,2.16666666666667,0.0737860527169595,0.208463508161507,0.0825231640104941
0,-8.44026548672566,0.174778761061947,2.62389380530973,3.7,0.107853982300885,-0.579092920353983,0.146017699115044,1.16666666666667,-0.0845578158039,0.0157485903359699,-0.0624574775824263
0,7.55973451327434,1.17477876106195,-0.376106194690265,4.1,0.607853982300885,-0.579092920353983,-0.282553729456385,2,0.163624864347807,-0.17175140966403,-0.352003937759418
0,10.5597345132743,0.174778761061947,-2.37610619469027,4.6,-0.767146017699115,0.920907079646017,0.43173198482933,1.16666666666667,0.397585041338957,-0.331201472875155,-0.706470198821364
0,13.5597345132743,0.174778761061947,-1.37610619469027,3.4,-0.767146017699115,-0.829092920353983,0.288874841972187,2.66666666666667,-0.239504086347516,-0.221609184632424,0.636035332152087
1,4.55973451327434,-1.82522123893805,-1.37610619469027,3.6,-0.642146017699115,-0.0790929203539825,0.146017699115044,1.83333333333333,-0.011548966246378,-0.0937646840003132,0.0507892038335031
0,-17.4402654867257,4.17477876106195,0.623893805309735,3.3,1.23285398230089,-1.32909292035398,-0.425410872313527,4.16666666666667,0.565410578633521,-0.524469488045826,-1.63857749970632
0,15.5597345132743,-0.825221238938053,-0.376106194690265,3.2,0.107853982300885,1.42090707964602,-1.13969658659924,2.16666666666667,-1.61940294854726,-0.122920815479454,0.153250487019344
0,-3.44026548672566,2.17477876106195,0.623893805309735,5,1.85785398230089,0.170907079646017,0.574589127686473,1,0.0982013498092477,1.0675026990591,0.317520398523768
0,14.5597345132743,1.17477876106195,0.623893805309735,3.6,1.10785398230089,0.670907079646017,-0.282553729456385,1.83333333333333,-0.189567297472674,-0.313028274392223,0.743267079939698
0,-1.44026548672566,2.17477876106195,-1.37610619469027,3.6,0.607853982300885,0.670907079646017,-0.56826801517067,1.5,-0.381255034514393,-0.345423976035712,0.407813540116689
0,16.5597345132743,-0.825221238938053,2.62389380530973,4.3,-0.0171460176991149,0.170907079646017,-0.139696586599241,1,-0.0238751356521933,0.00239524014633654,-0.00293037581251466
0,-3.44026548672566,1.17477876106195,0.623893805309735,3.1,0.232853982300885,-0.329092920353983,-0.711125158027813,3,0.23402625499256,-0.165588324961122,-0.0766305970514528
0,-16.4402654867257,0.174778761061947,-0.376106194690265,3.3,0.732853982300885,-0.329092920353983,-0.282553729456385,3.5,0.0929864319837107,-0.207070625846078,-0.241177057228444
0,-7.44026548672566,0.174778761061947,-1.37610619469027,4.3,-1.26714601769911,1.67090707964602,1.14601769911504,1.66666666666667,1.91488908685097,-1.45217176364633,-2.11728325191871
0,6.55973451327434,-0.825221238938053,-0.376106194690265,3,-0.517146017699115,1.17090707964602,0.00316055625790135,3.33333333333333,0.00370071769799621,-0.0016344690824877,-0.605529933334638
0,5.55973451327434,-0.825221238938053,1.62389380530973,3.4,-0.142146017699115,-1.57909292035398,0.146017699115044,3.33333333333333,-0.230575514918944,-0.0207558344427911,0.224461770205184
0,11.5597345132743,1.17477876106195,-1.37610619469027,3.5,0.357853982300885,-0.329092920353983,1.14601769911504,1.83333333333333,-0.377146311379121,0.410106997415616,-0.117767212095701
1,-6.44026548672566,-1.82522123893805,0.623893805309735,3.8,0.107853982300885,-0.329092920353983,-0.711125158027813,2,0.23402625499256,-0.0766976802076458,-0.035493982007205
0,-2.44026548672566,-1.82522123893805,-0.376106194690265,4.6,-1.64214601769911,1.67090707964602,0.860303413400758,2.83333333333333,1.43748706409496,-1.41274382432901,-2.74387340678597
0,3.55973451327434,-0.825221238938053,2.62389380530973,3,-0.642146017699115,0.670907079646017,-0.139696586599241,1.16666666666667,-0.0937234289518141,0.0897056067708624,-0.430820309440833
1,-4.44026548672566,2.17477876106195,-0.376106194690265,2.8,0.232853982300885,1.67090707964602,0.288874841972187,1.66666666666667,0.482683018582952,0.0672656573397626,0.389077367550317
0,-10.4402654867257,-0.825221238938053,-1.37610619469027,3.4,0.107853982300885,0.920907079646017,-1.56826801517067,1.5,-1.44422911795308,-0.169143950751262,0.0993234958689013
0,-8.44026548672566,-1.82522123893805,-1.37610619469027,3.7,0.232853982300885,-0.329092920353983,-0.711125158027813,3,0.23402625499256,-0.165588324961122,-0.0766305970514528
0,3.55973451327434,-0.825221238938053,-1.37610619469027,3.9,0.232853982300885,0.170907079646017,-0.56826801517067,1,-0.097121026929058,-0.13232347034671,0.0397963940989897
0,13.5597345132743,1.17477876106195,0.623893805309735,3.8,-0.517146017699115,0.920907079646017,-0.853982300884956,1.16666666666667,-0.786438346777351,0.441633546088182,-0.47624342890986
0,5.55973451327434,-1.82522123893805,1.62389380530973,3.6,-0.142146017699115,-0.579092920353983,0.00316055625790135,2.16666666666667,-0.00183025575333115,-0.000449260485774694,0.0823157525060694
1,-9.44026548672566,1.17477876106195,-0.376106194690265,2.8,0.357853982300885,-1.32909292035398,-0.425410872313527,1,0.565410578633521,-0.152234974771489,-0.475621194396586
1,-13.4402654867257,-0.825221238938053,-2.37610619469027,3.3,-1.64214601769911,0.170907079646017,0.574589127686473,1.66666666666667,0.0982013498092477,-0.943559247843549,-0.280654380237293
0,4.55973451327434,1.17477876106195,0.623893805309735,2.5,-1.39214601769911,0.670907079646017,1.14601769911504,2.5,0.768871387735922,-1.59542397603571,-0.934000619175346
1,-0.440265486725664,-1.82522123893805,2.62389380530973,3.1,0.107853982300885,-0.0790929203539825,0.288874841972187,2.33333333333333,-0.0228479548683755,0.0311563020932392,-0.00853048643198374
0,11.5597345132743,2.17477876106195,2.62389380530973,3,0.232853982300885,-0.329092920353983,-1.28255372945638,3,0.422079352337693,-0.298647743418771,-0.0766305970514528
0,-8.44026548672566,-0.825221238938053,-2.37610619469027,3.1,0.732853982300885,1.42090707964602,-0.139696586599241,3,-0.198495868901245,-0.102377199803095,1.0413174117981
1,7.55973451327434,-1.82522123893805,-1.37610619469027,4.5,-0.0171460176991149,0.170907079646017,1.28887484197219,1,0.220277835270689,-0.0220990708523991,-0.00293037581251466
1,-19.4402654867257,1.17477876106195,-1.37610619469027,3.6,0.732853982300885,0.670907079646017,-0.853982300884956,2.16666666666667,-0.572942771556112,-0.625844330018013,0.491676925072441
0,20.5597345132743,1.17477876106195,1.62389380530973,3.1,-0.892146017699115,-0.0790929203539825,0.288874841972187,2.33333333333333,-0.0228479548683755,-0.257718539878948,0.0705624339219988
1,4.55973451327434,-1.82522123893805,-0.376106194690265,3.3,-0.392146017699115,-0.329092920353983,0.717446270543616,3.5,-0.236106488370272,-0.281343697906761,0.129052478169786
0,-8.44026548672566,-0.825221238938053,2.62389380530973,2.7,0.357853982300885,-0.0790929203539825,0.574589127686473,2.66666666666667,-0.0454459321123705,0.205619007529396,-0.0283037165204794
0,-10.4402654867257,-0.825221238938053,0.623893805309735,3.8,-0.642146017699115,1.67090707964602,0.717446270543616,1.33333333333333,1.19878605271696,-0.460705265542665,-1.07296632713995
0,5.55973451327434,-1.82522123893805,2.62389380530973,2.8,1.10785398230089,-1.07909292035398,-0.425410872313527,2.33333333333333,0.45905786055514,-0.471293129006635,-1.19547738908685
0,14.5597345132743,0.174778761061947,-0.376106194690265,4.7,-1.14214601769911,-0.579092920353983,-1.71112515802781,1,0.990900464853496,1.95435478502624,0.661408672860052
0,11.5597345132743,-1.82522123893805,2.62389380530973,4,-0.642146017699115,-2.32909292035398,0.288874841972187,1,-0.672816349305796,-0.185499829385901,1.49561774365651
0,-13.4402654867257,1.17477876106195,0.623893805309735,3,-0.0171460176991149,0.420907079646017,-0.56826801517067,2.5,-0.239188030721726,0.00974353344595723,-0.0072168802372934
0,-8.44026548672566,-0.825221238938053,-2.37610619469027,4.4,2.10785398230089,0.920907079646017,0.146017699115044,1.33333333333333,0.134468732868666,0.307783988566058,1.94113765516094
1,7.55973451327434,1.17477876106195,-1.37610619469027,3.4,-0.0171460176991149,-0.329092920353983,-0.282553729456385,1.83333333333333,0.0929864319837107,0.00484467124621011,0.00564263303704281
1,-0.440265486725664,-0.825221238938053,-0.376106194690265,3,-0.0171460176991149,0.170907079646017,1.28887484197219,1.33333333333333,0.220277835270689,-0.0220990708523991,-0.00293037581251466
1,19.5597345132743,1.17477876106195,2.62389380530973,3.8,-0.767146017699115,-0.579092920353983,0.146017699115044,2,-0.0845578158039,-0.112016896389694,0.444248827727308
0,7.55973451327434,1.17477876106195,0.623893805309735,4.7,-0.267146017699115,-1.82909292035398,1.28887484197219,1,-2.35747184867368,-0.344317781345446,0.488634889674211
0,-18.4402654867257,-1.82522123893805,0.623893805309735,4.7,-1.76714601769911,1.17090707964602,1.0031605562579,1,1.17460779734401,-1.77273118210398,-2.06916378289216
0,-20.4402654867257,0.174778761061947,-0.376106194690265,2.4,0.857853982300885,-0.579092920353983,-0.139696586599241,2.66666666666667,0.0808973042972378,-0.119839273128,-0.496777167847913
0,-7.44026548672566,1.17477876106195,-1.37610619469027,3.6,-0.642146017699115,0.170907079646017,0.00316055625790135,2,0.000540161440094865,-0.00202953861472537,-0.109747300591276
0,18.5597345132743,4.17477876106195,0.623893805309735,3.5,-0.642146017699115,-0.329092920353983,-0.282553729456385,1.33333333333333,0.0929864319837107,0.181440752156451,0.211325708258282
0,8.55973451327434,-1.82522123893805,0.623893805309735,3.9,-0.767146017699115,-0.829092920353983,1.0031605562579,2,-0.831713315171789,-0.769570625846078,0.636035332152087
0,-21.4402654867257,2.17477876106195,-0.376106194690265,3,0.732853982300885,0.170907079646017,-0.853982300884956,2.5,-0.145951621113634,-0.625844330018013,0.125249933921998
0,-16.4402654867257,2.17477876106195,-0.376106194690265,3,1.23285398230089,-0.0790929203539825,-0.282553729456385,1,0.0223479996196146,-0.348347490574271,-0.0975100218302141
0,4.55973451327434,1.17477876106195,1.62389380530973,4,-0.392146017699115,0.670907079646017,-0.711125158027813,2,-0.477098903035253,0.278864898806261,-0.263093539529329
0,7.55973451327434,-1.82522123893805,2.62389380530973,3.2,-0.767146017699115,-0.829092920353983,0.717446270543616,2.66666666666667,-0.59482962364208,-0.550386049360617,0.636035332152087
0,17.5597345132743,-0.825221238938053,0.623893805309735,2.7,-0.767146017699115,-1.57909292035398,0.288874841972187,1,-0.456160217826656,-0.221609184632424,1.21139484542642
0,-4.44026548672566,1.17477876106195,-0.376106194690265,3.7,-0.0171460176991149,0.920907079646017,-0.425410872313527,1,-0.391763884071915,0.00729410234608367,-0.0157898890868509
0,7.55973451327434,1.17477876106195,0.623893805309735,3.2,0.107853982300885,0.420907079646017,0.146017699115044,2.16666666666667,0.0614598833111441,0.0157485903359699,0.0453965047184588
0,20.5597345132743,4.17477876106195,2.62389380530973,3.4,-1.64214601769911,-0.579092920353983,1.28887484197219,1,-0.746378296208451,-2.1165206890572,0.950955133037043
0,23.5597345132743,1.17477876106195,2.62389380530973,5,-0.642146017699115,-1.32909292035398,0.146017699115044,1.33333333333333,-0.194071090140183,-0.0937646840003132,0.853471725957397
0,17.5597345132743,1.17477876106195,2.62389380530973,3,0.857853982300885,0.420907079646017,0.146017699115044,2,0.0614598833111441,0.125261864672253,0.361076814452972
0,16.5597345132743,-0.825221238938053,-0.376106194690265,4.4,-0.642146017699115,-0.0790929203539825,-0.139696586599241,1,0.011049010997617,0.0897056067708624,0.0507892038335031
1,15.5597345132743,-0.825221238938053,-2.37610619469027,4.4,-0.267146017699115,-0.329092920353983,0.146017699115044,1,-0.048053391025139,-0.0390080468321716,0.0879158631255384
1,-29.4402654867257,1.17477876106195,-0.376106194690265,3.5,0.607853982300885,-0.329092920353983,-0.425410872313527,2.5,0.139999706319994,-0.258587692849871,-0.200040442184196
0,0.559734513274336,1.17477876106195,1.62389380530973,3.2,0.107853982300885,0.170907079646017,-1.42541087231353,1.83333333333333,-0.243612809482787,-0.153736238993992,0.0184330091432375
1,23.5597345132743,0.174778761061947,-0.376106194690265,4.3,-0.517146017699115,-2.32909292035398,0.146017699115044,1,-0.340088789255227,-0.0755124716109327,1.20448112861226
0,13.5597345132743,-0.825221238938053,0.623893805309735,4.3,-0.142146017699115,-0.329092920353983,0.574589127686473,1,-0.189093214033989,-0.0816755563138403,0.0467792480812906
0,-24.4402654867257,-0.825221238938053,-1.37610619469027,4.2,-1.64214601769911,-1.57909292035398,0.860303413400758,1,-1.3584990294575,-1.41274382432901,2.59310115073616
0,4.55973451327434,1.17477876106195,1.62389380530973,3.3,-0.642146017699115,-0.829092920353983,0.146017699115044,1.5,-0.121062240582661,-0.0937646840003132,0.532398717107839
0,1.55973451327434,-1.82522123893805,2.62389380530973,2.8,-1.64214601769911,-2.32909292035398,1.28887484197219,1.83333333333333,-3.00190926965978,-2.1165206890572,3.82471066401049
0,0.559734513274336,-1.82522123893805,1.62389380530973,4,0.607853982300885,0.670907079646017,-0.711125158027813,2.16666666666667,-0.477098903035253,-0.432260259221552,0.407813540116689
0,5.55973451327434,1.17477876106195,-2.37610619469027,3.3,0.607853982300885,0.670907079646017,0.146017699115044,4,0.0979643080899051,0.088757439893492,0.407813540116689
0,-7.44026548672566,1.17477876106195,1.62389380530973,3,0.357853982300885,-0.0790929203539825,0.860303413400758,2.33333333333333,-0.0680439093563655,0.307863002472506,-0.0283037165204794
0,16.5597345132743,1.17477876106195,-0.376106194690265,4.2,0.857853982300885,-1.32909292035398,0.860303413400758,2.5,-1.14342317610731,0.738014709172885,-1.14016765457358
0,-6.44026548672566,-1.82522123893805,-1.37610619469027,4.1,1.35785398230089,-1.57909292035398,0.574589127686473,4.33333333333333,-0.907329623642079,0.780208135215868,-2.14417761032579
0,-15.4402654867257,1.17477876106195,-1.37610619469027,4.4,0.232853982300885,-0.329092920353983,-0.711125158027813,1,0.23402625499256,-0.165588324961122,-0.0766305970514528
1,14.5597345132743,-1.82522123893805,-1.37610619469027,2.8,0.232853982300885,1.42090707964602,-0.56826801517067,2.5,-0.807456045892396,-0.13232347034671,0.330863871975096
0,-13.4402654867257,-1.82522123893805,-0.376106194690265,4,-1.26714601769911,0.670907079646017,0.717446270543616,1,0.481339782173344,-0.909109184632425,-0.850137234219594
0,18.5597345132743,-0.825221238938053,1.62389380530973,3.5,0.857853982300885,0.670907079646017,-0.711125158027813,2.33333333333333,-0.477098903035253,-0.610041548728506,0.575540310028193
0,12.5597345132743,1.17477876106195,2.62389380530973,4.2,-0.767146017699115,-0.329092920353983,0.146017699115044,1.33333333333333,-0.048053391025139,-0.112016896389694,0.25246232330253
0,20.5597345132743,1.17477876106195,-1.37610619469027,3.4,-0.267146017699115,0.170907079646017,0.146017699115044,2,0.0249554585323831,-0.0390080468321716,-0.045657145724019
0,-12.4402654867257,1.17477876106195,0.623893805309735,2.8,-0.642146017699115,-0.829092920353983,1.14601769911504,3.33333333333333,-0.950155160936643,-0.735910701699428,0.532398717107839
0,5.55973451327434,-0.825221238938053,-1.37610619469027,3.1,0.232853982300885,0.920907079646017,-0.425410872313527,1.66666666666667,-0.391763884071915,-0.0990586157322982,0.214436880824654
0,1.55973451327434,1.17477876106195,-0.376106194690265,2.8,0.982853982300885,-0.329092920353983,-0.282553729456385,2.16666666666667,0.0929864319837107,-0.277709058210175,-0.32345028731694
0,10.5597345132743,1.17477876106195,-0.376106194690265,3.3,-0.267146017699115,-0.579092920353983,0.146017699115044,1.66666666666667,-0.0845578158039,-0.0390080468321716,0.154702367550317
0,-6.44026548672566,2.17477876106195,-0.376106194690265,3,-0.892146017699115,0.420907079646017,0.146017699115044,2.5,0.0614598833111441,-0.130269108779074,-0.375510574927559
0,6.55973451327434,-0.825221238938053,-1.37610619469027,3,0.982853982300885,0.170907079646017,0.00316055625790135,3.83333333333333,0.000540161440094865,0.00310636530436432,0.167976703833503
0,-21.4402654867257,-1.82522123893805,-1.37610619469027,3.5,-0.267146017699115,-2.32909292035398,-0.425410872313527,1.5,0.990821450947049,0.113646820424466,0.622207898523768
0,21.5597345132743,1.17477876106195,2.62389380530973,3.1,-0.0171460176991149,-0.579092920353983,0.00316055625790135,2.16666666666667,-0.00183025575333115,-5.4190953537025e-05,0.00992913746182155
0,5.55973451327434,-0.825221238938053,0.623893805309735,4.4,0.107853982300885,0.420907079646017,1.14601769911504,1,0.482366962957161,0.123602572636855,0.0453965047184588
0,-19.4402654867257,-0.825221238938053,-1.37610619469027,3.5,1.10785398230089,0.670907079646017,0.288874841972187,3.33333333333333,0.193808176610765,0.320031144065426,0.743267079939698
0,6.55973451327434,1.17477876106195,0.623893805309735,3.6,0.482853982300885,-0.329092920353983,0.146017699115044,2.33333333333333,-0.048053391025139,0.0705052275041115,-0.158903827139948
0,10.5597345132743,1.17477876106195,1.62389380530973,3.7,0.732853982300885,-0.829092920353983,0.860303413400758,2.33333333333333,-0.713271469406934,0.63047678249779,-0.607604048378887
0,10.5597345132743,1.17477876106195,-0.376106194690265,3.4,-0.267146017699115,0.920907079646017,0.288874841972187,1.33333333333333,0.266026887103811,-0.0771717636463309,-0.246016658998355
0,12.5597345132743,-1.82522123893805,1.62389380530973,3.3,-0.767146017699115,-0.829092920353983,-0.996839443742099,1.16666666666667,0.826472525536176,0.764721409552152,0.636035332152087
0,14.5597345132743,0.174778761061947,2.62389380530973,4.3,-1.39214601769911,-0.329092920353983,0.574589127686473,1.5,-0.189093214033989,-0.799911965921931,0.458145398523769
0,15.5597345132743,-0.825221238938053,-0.376106194690265,3.5,0.982853982300885,1.17090707964602,-0.996839443742099,1.33333333333333,-1.16720636194802,-0.979747616996521,1.15083068613439
0,2.55973451327434,-0.825221238938053,1.62389380530973,3.4,-0.767146017699115,-0.329092920353983,0.146017699115044,2.83333333333333,-0.048053391025139,-0.112016896389694,0.25246232330253
0,-7.44026548672566,2.17477876106195,-1.37610619469027,3.3,1.35785398230089,-0.329092920353983,0.574589127686473,4,-0.189093214033989,0.780208135215868,-0.446860132449683
0,13.5597345132743,-0.825221238938053,-1.37610619469027,3.5,0.857853982300885,-0.0790929203539825,0.146017699115044,1.5,-0.011548966246378,0.125261864672253,-0.0678501766974706
0,12.5597345132743,1.17477876106195,2.62389380530973,3.7,-1.14214601769911,0.670907079646017,-0.996839443742099,1,-0.668786640076972,1.13853620095544,-0.766273849263842
0,12.5597345132743,-1.82522123893805,-1.37610619469027,2.6,-0.142146017699115,1.67090707964602,-1.56826801517067,1.5,-2.62043012933108,0.222923053041406,-0.237512787316939
0,15.5597345132743,1.17477876106195,2.62389380530973,3.6,-0.767146017699115,0.170907079646017,-0.996839443742099,3,-0.170366918205923,0.764721409552152,-0.131110685547028
0,12.5597345132743,0.174778761061947,0.623893805309735,3.2,0.857853982300885,0.420907079646017,-0.711125158027813,1,-0.299317613528299,-0.610041548728506,0.361076814452972
0,-3.44026548672566,-1.82522123893805,-1.37610619469027,3.2,-0.642146017699115,0.170907079646017,0.717446270543616,1,0.122616646901536,-0.460705265542665,-0.109747300591276
0,17.5597345132743,1.17477876106195,2.62389380530973,3.6,-0.267146017699115,-0.329092920353983,0.574589127686473,1.16666666666667,-0.189093214033989,-0.153499197274649,0.0879158631255384
0,16.5597345132743,-0.825221238938053,-2.37610619469027,3.7,-0.642146017699115,0.670907079646017,-0.139696586599241,2.5,-0.0937234289518141,0.0897056067708624,-0.430820309440833
0,22.5597345132743,1.17477876106195,-2.37610619469027,3.1,-1.39214601769911,0.170907079646017,-1.56826801517067,1,-0.268028106575075,2.18325807200474,-0.237927610325789
0,2.55973451327434,1.17477876106195,-2.37610619469027,3.7,-1.14214601769911,-0.579092920353983,0.288874841972187,1,-0.167285375854469,-0.329937250371994,0.661408672860052
0,14.5597345132743,-1.82522123893805,-1.37610619469027,4.4,0.732853982300885,1.17090707964602,-2.71112515802781,1.33333333333333,-3.17447564134119,-1.9868588685768,0.858103916222884
0,9.55973451327434,1.17477876106195,2.62389380530973,4.2,0.107853982300885,-0.329092920353983,-2.71112515802781,1,0.892212095700525,-0.292405644809416,-0.035493982007205
0,9.55973451327434,1.17477876106195,0.623893805309735,3.8,-0.642146017699115,-0.579092920353983,-0.139696586599241,2,0.0808973042972378,0.0897056067708624,0.371862212683061
0,6.55973451327434,2.17477876106195,-1.37610619469027,2.9,0.232853982300885,0.420907079646017,0.717446270543616,3,0.30197821453744,0.167060221182999,0.098009889674211
0,16.5597345132743,-0.825221238938053,2.62389380530973,3.3,0.107853982300885,-1.32909292035398,-0.711125158027813,2.66666666666667,0.945151413020373,-0.0766976802076458,-0.14334796430809
0,-2.44026548672566,1.17477876106195,-1.37610619469027,3.4,-0.267146017699115,0.420907079646017,-1.28255372945638,3,-0.539835944754595,0.342629121309421,-0.112443650148798
0,-21.4402654867257,-1.82522123893805,-1.37610619469027,3,0.232853982300885,-0.329092920353983,-0.711125158027813,3,0.23402625499256,-0.165588324961122,-0.0766305970514528
0,6.55973451327434,1.17477876106195,-1.37610619469027,3.4,0.357853982300885,0.670907079646017,0.00316055625790135,2.5,0.00212043956904554,0.00113101764317598,0.240086770205184
